{
    "version": 2,
    "name": "Syncraft",
    "inherits": "fdmprinter",
    "metadata": {
        "author": "Syncraft",
        "manufacturer": "Syncraft Industries",
        "visible": false,
        "exclude_materials": [ "generic_hips", "structur3d_dap100silicone" ]
    },
	"overrides": {
        "machine_max_feedrate_e": {
            "default_value": 50
        },
        "material_print_temperature": {
            "minimum_value": "0"
        },
        "material_bed_temperature": {
            "minimum_value": "0",
            "maximum_value_warning": "150"
        },
        "material_bed_temperature_layer_0":
        {
            "maximum_value_warning": "130"
        },
        "material_standby_temperature": {
            "minimum_value": "0"
        },
        "relative_extrusion":
        {
            "value": false,
            "enabled": false
        },
        "skin_angles": {
            "value": "[] if infill_pattern not in ['cross', 'cross_3d'] else [20, 110]"
        },
        "line_width": {
            "value": "machine_nozzle_size"
        },
        "wall_thickness": {
            "value": "wall_line_width_0 + wall_line_width_x"
        },
        "infill_before_walls": {
            "value": "False"
        },
        "infill_material_flow": {
            "value": "(1.95-infill_sparse_density / 100 if infill_sparse_density > 95 else 1) * material_flow"
        },
        "retraction_combing": {
            "value": "'no_outer_surfaces'"
        },
        "roofing_layer_count": {
            "value": "0"
        },
        "roofing_material_flow": {
            "value": "material_flow"
        },
        "skin_material_flow": {
            "value": "0.97 * material_flow"
        },
        "skin_monotonic" : {
            "value": true
        },
        "speed_equalize_flow_width_factor": {
            "value": "110.0"
        },
        "top_layers": {
            "value": "math.ceil(round(top_thickness / resolveOrValue('layer_height'), 4))"
        },
        "bottom_layers": {
            "value": "math.ceil(round(bottom_thickness / resolveOrValue('layer_height'), 4))"
        },
        "xy_offset": {
            "value": "-layer_height * 0.1"
        },
        "meshfix_maximum_resolution": {
            "value": "max(speed_wall_0 / 75, 0.5)"
        },
        "meshfix_maximum_deviation": {
            "value": "machine_nozzle_size / 10"
        },
        "carve_multiple_volumes": {
            "value": true
        },
        "acceleration_travel": {
            "value": "acceleration_wall"
        }
    }
}