{
    "name": "Syncraft X1",
	"version": 2,
    "inherits": "syncraft",
    "metadata": {
        "visible": true,
        "author": "Wish Research",
        "manufacturer": "Syncraft",
        "file_formats": "application/x-ufp;text/x-gcode",
        "platform": "syncraft.obj",
        "platform_offset": [-187.5, -21.5, -165],        
		"has_machine_quality": true,
        "has_materials": true,
		"has_variants": true,
		"preferred_material": "syncraft_pla_white",
		"variants_name": "Nozzle",
        "preferred_variant_name": "0.4mm",
        "preferred_quality_type": "normal",
		
        "machine_extruder_trains":
        {
            "0": "syncraft_x1_extruder_0"
        }		
    },

    "overrides": {
        "machine_name": { "default_value": "Syncraft X1" },        
        "machine_width": { "default_value": 300 },
        "machine_height": { "default_value": 340 },
        "machine_depth": { "default_value": 300 },
		"machine_heated_bed": { "default_value": true },
		"machine_nozzle_heat_up_speed": { "default_value": 1.4 },
        "machine_nozzle_cool_down_speed": { "default_value": 0.8 },
		"machine_head_with_fans_polygon":
        {
            "default_value":
            [
                [ -22, -67 ],
                [ -22, 20 ],
                [ 22, 20 ],
                [ 22, -67 ]
            ]
        },
		"machine_gcode_flavor": { "default_value": "RepRap (Marlin/Sprinter)" },
		"machine_max_feedrate_x": { "default_value": 500 },
		"machine_max_feedrate_y": { "default_value": 500 },
        "machine_max_feedrate_z": { "default_value": 20 },
        "machine_max_feedrate_e": { "default_value": 150 },
		"machine_acceleration": { "default_value": 5000 },
		"gantry_height": { "value": 23},
		"machine_extruder_count": { "default_value": 1 },
        "machine_center_is_zero": { "default_value": false },
        "material_diameter": { "default_value": 2.85 },
		
		"speed_travel":
        {
            "maximum_value": "501",
            "maximum_value_warning": "500"
        },
		
		"arcwelder_enable": { "value": "True" },
		"acceleration_enabled": { "value": "False" },
        "acceleration_layer_0": { "value": "acceleration_topbottom" },
        "acceleration_prime_tower": { "value": "math.ceil(acceleration_print * 2000 / 4000)" },
        "acceleration_print": { "value": "4000" },
        "acceleration_support": { "value": "math.ceil(acceleration_print * 2000 / 4000)" },
        "acceleration_support_interface": { "value": "acceleration_topbottom" },
        "acceleration_topbottom": { "value": "math.ceil(acceleration_print * 1500 / 4000)" },
        "acceleration_wall": { "value": "math.ceil(acceleration_print * 1500 / 2000)" },
        "acceleration_wall_0": { "value": "math.ceil(acceleration_wall * 1500 / 3000)" },
		"adhesion_type": { "default_value": "brim" },
		"bridge_settings_enabled": { "value": "True" },
		"bridge_wall_min_length": { "value": "35" },
		"brim_width": { "value": "7" },
        "cool_fan_full_at_height": { "value": "layer_height_0 + 4 * layer_height" },
        "cool_fan_speed": { "value": "100" },
        "cool_fan_speed_max": { "value": "100" },
        "cool_min_speed": { "value": "5" },
		"infill_before_walls": { "value": "False" },
        "infill_line_width": { "value": "round(line_width * 0.5 / 0.35, 2)" },
        "infill_overlap": { "value": "0" },
        "infill_pattern": { "value": "'triangles'" },
        "infill_wipe_dist": { "value": "machine_nozzle_size / 2" },
        "jerk_enabled": { "value": "False" },
		"layer_height_0": { "value": "round(machine_nozzle_size / 1.6, 2)" },
        "layer_start_x": { "value": "sum(extruderValues('machine_extruder_start_pos_x')) / len(extruderValues('machine_extruder_start_pos_x'))" },
        "layer_start_y": { "value": "sum(extruderValues('machine_extruder_start_pos_y')) / len(extruderValues('machine_extruder_start_pos_y'))" },
        "layer_height": { "default_value": 0.2 },
		"line_width": { "value": "machine_nozzle_size" },
		"machine_min_cool_heat_time_window": { "value": "15" },
        "default_material_print_temperature": { "value": "200" },
        "material_standby_temperature": { "value": "100" },
		"multiple_mesh_overlap": { "value": "0" },
        "retraction_amount": { "default_value": 6.5 },
		"retraction_count_max": { "value": "10" },
		"retraction_min_travel": { "value": "5" },
		"retraction_extrusion_window": { "value": "1" },
		"retraction_prime_speed": { "value": "20" },
        "retraction_speed": { "value": "45" },
		"retraction_hop": { "value": "2" },
        "retraction_hop_enabled": { "value": "extruders_enabled_count > 1"  },
		"skin_overlap": { "value": "20" },
        "speed_layer_0": { "value": "20" },
        "speed_prime_tower": { "value": "speed_topbottom" },
        "speed_print": { "value": "75" },
        "speed_support": { "value": "speed_wall_0" },
        "speed_support_interface": { "value": "speed_topbottom" },
        "speed_topbottom": { "value": "math.ceil(speed_print * 20 / 35)" },
        "speed_wall": { "value": "math.ceil(speed_print * 30 / 35)" },
        "speed_wall_0": { "value": "math.ceil(speed_wall * 20 / 30)" },
        "speed_wall_x": { "value": "speed_wall" },
        "support_angle": { "value": "45" },
        "support_pattern": { "value": "'zigzag'" },
        "support_use_towers": { "value": "False" },
        "support_xy_distance": { "value": "wall_line_width_0 * 2.5" },
        "support_xy_distance_overhang": { "value": "wall_line_width_0" },
		"support_z_distance": { "value": "layer_height * 2" },
		"support_roof_density": {"value": "50" },
		"support_roof_enable": {"value": "True" },
		"support_roof_height": {"value": "layer_height * 3" },
		"support_roof_pattern": {"value": "'zigzag'" },
		"top_bottom_thickness": { "value": "1" },
        "travel_avoid_supports": { "value": "True" },
        "travel_avoid_distance": { "value": "3 if extruders_enabled_count > 1 else machine_nozzle_tip_outer_diameter / 2 * 1.5" },
        "wall_0_inset": { "value": "0" },
        "wall_line_width_x": { "value": "round(line_width * 0.35 / 0.35, 2)" },
        "wall_thickness": { "value": "1" },
        "optimize_wall_printing_order": { "value": "True" },
        "retraction_combing": { "default_value": "all" },
        "initial_layer_line_width_factor": { "value": "100" },
        "zig_zaggify_infill": { "value": "gradual_infill_steps == 0" },
        	
        "machine_start_gcode": {
            "default_value": "VERIFY_VARIABLES MACHINE='{machine_name}' NOZZLE='{machine_nozzle_id}' MATERIAL='{material_type}'\n M900 P{machine_nozzle_size} S{speed_print}\nCTEMP MAT='{material_type}' FAM='{material_family}'\nBREAK_CLEAN P={material_break_temperature}\nG21 ; set units to millimeters\nG90 ; use absolute positioning\nM82 ; absolute extrusion mode\nM104 S150 ; set extruder temp\nM140 S{material_bed_temperature_layer_0} ; set bed temp\nG28 Z ; home z\nM109 S150\nG28 XY; home XY\nSTART_GCODE\nM109 S{material_print_temperature_layer_0} ; wait for extruder temp\nPRIME_ROUTINE"
        },
        "machine_end_gcode": {
            "default_value": "END_GCODE"
        }
    }
}
