{
    "version": 2,
    "name": "Right Extruder",
    "inherits": "fdmextruder",
    "metadata":
	{
        "machine": "syncraft_x2",
        "position": "1"
    },

    "overrides":
	{
        "extruder_nr":
        {
            "default_value": 1,
            "maximum_value": "1"
		},
        "machine_extruder_start_code": { "default_value": "T1" },
        "machine_extruder_start_pos_abs": { "default_value": true },
        "machine_extruder_start_pos_x": { "value": "prime_tower_position_x" },
        "machine_extruder_start_pos_y": { "value": "prime_tower_position_y" },
        "machine_nozzle_offset_x": { "default_value": 0 },
        "machine_nozzle_offset_y": { "default_value": 0 }
    }
}
